667659987201620001,c6a5e509-da64-4511-82eb-4bd0aa503e5c,mmid1,"{'transactionId': '123e4567e89b12d3a456426614174000', 'item': {'basicData': {'materialNumber': '', 'materialType': '', 'materialGroup': '', 'grossWeight': 2.3, 'transportationGroup': 3, 'netWeight': 3, 'crossPlantStatusCode': 12, 'division': 1, 'waferConductivityType': 'sdf', 'waferSpecialIdCode': '12344s', 'waferSequenceCode': 'aas2', 'supplierCode': '23gg'}, 'classificationData': {'characteristicName': '', 'characteristicValue': 'a', 'class': '', 'classType': 4}, 'hierarchyLinkData': {'forecastClass': '', 'forecastDevice': '', 'forecastPackage': ''}, 'materialLongText': {'lineNumber': 12345, 'applicationObject': '', 'textName': '', 'textId': 1244}}}",False,,92c579ff-86ed-4df3-a2a8-be34c308f0b7,Failed
667659987201620002,3d0def54-fc1c-40dc-b34e-6d9d61087efb,mmid2,"{'transactionId': '123e4567e89b12d3a456426614174000', 'item': {'basicData': {'materialNumber': '', 'materialType': '', 'materialGroup': '', 'grossWeight': 2.3, 'transportationGroup': 3, 'netWeight': 3, 'crossPlantStatusCode': 12, 'division': 1, 'waferConductivityType': 'sdf', 'waferSpecialIdCode': '12344s', 'waferSequenceCode': 'aas2', 'supplierCode': '23gg'}, 'classificationData': {'characteristicName': '', 'characteristicValue': 'a', 'class': '', 'classType': 4}, 'hierarchyLinkData': {'forecastClass': '', 'forecastDevice': '', 'forecastPackage': ''}, 'materialLongText': {'lineNumber': 12345, 'applicationObject': '', 'textName': '', 'textId': 1244}}}",True,"{'transactionId': '123e4567e89b12d3a456426614174000', 'item': {'basicData': {'materialNumber': '', 'materialType': '', 'materialGroup': '', 'grossWeight': 2.3, 'transportationGroup': 3, 'netWeight': 3, 'crossPlantStatusCode': 12, 'division': 1, 'waferConductivityType': 'sdf', 'waferSpecialIdCode': '12344s', 'waferSequenceCode': 'aas2', 'supplierCode': '23gg'}, 'classificationData': {'characteristicName': '', 'characteristicValue': 'a', 'class': '', 'classType': 4}, 'hierarchyLinkData': {'forecastClass': '', 'forecastDevice': '', 'forecastPackage': ''}, 'materialLongText': {'lineNumber': 12345, 'applicationObject': '', 'textName': '', 'textId': 1244}}}",,Success
667659987201620003,c0287eb4-c7d6-4e20-9330-0374fa8ec47f,mmid3,"{'transactionId': '123e4567e89b12d3a456426614174000', 'item': {'basicData': {'materialNumber': '', 'materialType': '', 'materialGroup': '', 'grossWeight': 2.3, 'transportationGroup': 3, 'netWeight': 3, 'crossPlantStatusCode': 12, 'division': 1, 'waferConductivityType': 'sdf', 'waferSpecialIdCode': '12344s', 'waferSequenceCode': 'aas2', 'supplierCode': '23gg'}, 'classificationData': {'characteristicName': '', 'characteristicValue': 'a', 'class': '', 'classType': 4}, 'hierarchyLinkData': {'forecastClass': '', 'forecastDevice': '', 'forecastPackage': ''}, 'materialLongText': {'lineNumber': 12345, 'applicationObject': '', 'textName': '', 'textId': 1244}}}",True,"{'transactionId': '123e4567e89b12d3a456426614174000', 'item': {'basicData': {'materialNumber': '', 'materialType': '', 'materialGroup': '', 'grossWeight': 2.3, 'transportationGroup': 3, 'netWeight': 3, 'crossPlantStatusCode': 12, 'division': 1, 'waferConductivityType': 'sdf', 'waferSpecialIdCode': '12344s', 'waferSequenceCode': 'aas2', 'supplierCode': '23gg'}, 'classificationData': {'characteristicName': '', 'characteristicValue': 'a', 'class': '', 'classType': 4}, 'hierarchyLinkData': {'forecastClass': '', 'forecastDevice': '', 'forecastPackage': ''}, 'materialLongText': {'lineNumber': 12345, 'applicationObject': '', 'textName': '', 'textId': 1244}}}",,Success
667659987201620005,c8379f6d-ad37-4cc4-9158-7931807e09d8,mmid4,"{'transactionId': '123e4567e89b12d3a456426614174000', 'item': {'basicData': {'materialNumber': '', 'materialType': '', 'materialGroup': '', 'grossWeight': 2.3, 'transportationGroup': 3, 'netWeight': 3, 'crossPlantStatusCode': 12, 'division': 1, 'waferConductivityType': 'sdf', 'waferSpecialIdCode': '12344s', 'waferSequenceCode': 'aas2', 'supplierCode': '23gg'}, 'classificationData': {'characteristicName': '', 'characteristicValue': 'a', 'class': '', 'classType': 4}, 'hierarchyLinkData': {'forecastClass': '', 'forecastDevice': '', 'forecastPackage': ''}, 'materialLongText': {'lineNumber': 12345, 'applicationObject': '', 'textName': '', 'textId': 1244}}}",False,,e6900672-8b42-406b-9111-1fc8f066fa5a,Failed
667659987201620006,ebb6a72a-90b8-45b0-b55a-f3a8a8e11b2a,mmid5,"{'transactionId': '123e4567e89b12d3a456426614174000', 'item': {'basicData': {'materialNumber': '', 'materialType': '', 'materialGroup': '', 'grossWeight': 2.3, 'transportationGroup': 3, 'netWeight': 3, 'crossPlantStatusCode': 12, 'division': 1, 'waferConductivityType': 'sdf', 'waferSpecialIdCode': '12344s', 'waferSequenceCode': 'aas2', 'supplierCode': '23gg'}, 'classificationData': {'characteristicName': '', 'characteristicValue': 'a', 'class': '', 'classType': 4}, 'hierarchyLinkData': {'forecastClass': '', 'forecastDevice': '', 'forecastPackage': ''}, 'materialLongText': {'lineNumber': 12345, 'applicationObject': '', 'textName': '', 'textId': 1244}}}",False,,d53b4f3c-6a6b-478c-a1f4-c8a84a705660,Failed
667659987201620007,4aa7306a-6e4b-49b3-b731-8dcfd2582126,mmid6,"{'transactionId': '123e4567e89b12d3a456426614174000', 'item': {'basicData': {'materialNumber': '', 'materialType': '', 'materialGroup': '', 'grossWeight': 2.3, 'transportationGroup': 3, 'netWeight': 3, 'crossPlantStatusCode': 12, 'division': 1, 'waferConductivityType': 'sdf', 'waferSpecialIdCode': '12344s', 'waferSequenceCode': 'aas2', 'supplierCode': '23gg'}, 'classificationData': {'characteristicName': '', 'characteristicValue': 'a', 'class': '', 'classType': 4}, 'hierarchyLinkData': {'forecastClass': '', 'forecastDevice': '', 'forecastPackage': ''}, 'materialLongText': {'lineNumber': 12345, 'applicationObject': '', 'textName': '', 'textId': 1244}}}",False,,a7630f11-c533-4cf1-b62d-3578efbcb70b,Failed
667659987201620008,ad734f9a-7f38-433b-87af-db7884789eee,mmid7,"{'transactionId': '123e4567e89b12d3a456426614174000', 'item': {'basicData': {'materialNumber': '', 'materialType': '', 'materialGroup': '', 'grossWeight': 2.3, 'transportationGroup': 3, 'netWeight': 3, 'crossPlantStatusCode': 12, 'division': 1, 'waferConductivityType': 'sdf', 'waferSpecialIdCode': '12344s', 'waferSequenceCode': 'aas2', 'supplierCode': '23gg'}, 'classificationData': {'characteristicName': '', 'characteristicValue': 'a', 'class': '', 'classType': 4}, 'hierarchyLinkData': {'forecastClass': '', 'forecastDevice': '', 'forecastPackage': ''}, 'materialLongText': {'lineNumber': 12345, 'applicationObject': '', 'textName': '', 'textId': 1244}}}",False,,c42ae118-35cc-47f8-8d8b-9d80d73c5b93,Failed
667659987201620009,ad734f9a-7f38-433b-87af-db7884789eee,mmid8,"{'transactionId': '123e4567e89b12d3a456426614174000', 'item': {'basicData': {'materialNumber': '', 'materialType': '', 'materialGroup': '', 'grossWeight': 2.3, 'transportationGroup': 3, 'netWeight': 3, 'crossPlantStatusCode': 12, 'division': 1, 'waferConductivityType': 'sdf', 'waferSpecialIdCode': '12344s', 'waferSequenceCode': 'aas2', 'supplierCode': '23gg'}, 'classificationData': {'characteristicName': '', 'characteristicValue': 'a', 'class': '', 'classType': 4}, 'hierarchyLinkData': {'forecastClass': '', 'forecastDevice': '', 'forecastPackage': ''}, 'materialLongText': {'lineNumber': 12345, 'applicationObject': '', 'textName': '', 'textId': 1244}}}",True,"{'transactionId': '123e4567e89b12d3a456426614174000', 'item': {'basicData': {'materialNumber': '', 'materialType': '', 'materialGroup': '', 'grossWeight': 2.3, 'transportationGroup': 3, 'netWeight': 3, 'crossPlantStatusCode': 12, 'division': 1, 'waferConductivityType': 'sdf', 'waferSpecialIdCode': '12344s', 'waferSequenceCode': 'aas2', 'supplierCode': '23gg'}, 'classificationData': {'characteristicName': '', 'characteristicValue': 'a', 'class': '', 'classType': 4}, 'hierarchyLinkData': {'forecastClass': '', 'forecastDevice': '', 'forecastPackage': ''}, 'materialLongText': {'lineNumber': 12345, 'applicationObject': '', 'textName': '', 'textId': 1244}}}",,Success
6676599872016200010,7f6fb99e-3751-43d8-ade1-51a4e291d7d4,mmid9,"{'transactionId': '123e4567e89b12d3a456426614174000', 'item': {'basicData': {'materialNumber': '', 'materialType': '', 'materialGroup': '', 'grossWeight': 2.3, 'transportationGroup': 3, 'netWeight': 3, 'crossPlantStatusCode': 12, 'division': 1, 'waferConductivityType': 'sdf', 'waferSpecialIdCode': '12344s', 'waferSequenceCode': 'aas2', 'supplierCode': '23gg'}, 'classificationData': {'characteristicName': '', 'characteristicValue': 'a', 'class': '', 'classType': 4}, 'hierarchyLinkData': {'forecastClass': '', 'forecastDevice': '', 'forecastPackage': ''}, 'materialLongText': {'lineNumber': 12345, 'applicationObject': '', 'textName': '', 'textId': 1244}}}",False,,01779e88-a4aa-4c43-bda7-fa87291c971a,Failed
6676599872016200012,7ea85ab0-d277-4df3-9f24-9d1a6034f99f,mmid10,"{'transactionId': '123e4567e89b12d3a456426614174000', 'item': {'basicData': {'materialNumber': '', 'materialType': '', 'materialGroup': '', 'grossWeight': 2.3, 'transportationGroup': 3, 'netWeight': 3, 'crossPlantStatusCode': 12, 'division': 1, 'waferConductivityType': 'sdf', 'waferSpecialIdCode': '12344s', 'waferSequenceCode': 'aas2', 'supplierCode': '23gg'}, 'classificationData': {'characteristicName': '', 'characteristicValue': 'a', 'class': '', 'classType': 4}, 'hierarchyLinkData': {'forecastClass': '', 'forecastDevice': '', 'forecastPackage': ''}, 'materialLongText': {'lineNumber': 12345, 'applicationObject': '', 'textName': '', 'textId': 1244}}}",True,"{'transactionId': '123e4567e89b12d3a456426614174000', 'item': {'basicData': {'materialNumber': '', 'materialType': '', 'materialGroup': '', 'grossWeight': 2.3, 'transportationGroup': 3, 'netWeight': 3, 'crossPlantStatusCode': 12, 'division': 1, 'waferConductivityType': 'sdf', 'waferSpecialIdCode': '12344s', 'waferSequenceCode': 'aas2', 'supplierCode': '23gg'}, 'classificationData': {'characteristicName': '', 'characteristicValue': 'a', 'class': '', 'classType': 4}, 'hierarchyLinkData': {'forecastClass': '', 'forecastDevice': '', 'forecastPackage': ''}, 'materialLongText': {'lineNumber': 12345, 'applicationObject': '', 'textName': '', 'textId': 1244}}}",,Success
6676599872016200013,54d37f62-faf8-4f45-acfb-8ef4b11eaa15,mmid11,"{'transactionId': '123e4567e89b12d3a456426614174000', 'item': {'basicData': {'materialNumber': '', 'materialType': '', 'materialGroup': '', 'grossWeight': 2.3, 'transportationGroup': 3, 'netWeight': 3, 'crossPlantStatusCode': 12, 'division': 1, 'waferConductivityType': 'sdf', 'waferSpecialIdCode': '12344s', 'waferSequenceCode': 'aas2', 'supplierCode': '23gg'}, 'classificationData': {'characteristicName': '', 'characteristicValue': 'a', 'class': '', 'classType': 4}, 'hierarchyLinkData': {'forecastClass': '', 'forecastDevice': '', 'forecastPackage': ''}, 'materialLongText': {'lineNumber': 12345, 'applicationObject': '', 'textName': '', 'textId': 1244}}}",True,"{'transactionId': '123e4567e89b12d3a456426614174000', 'item': {'basicData': {'materialNumber': '', 'materialType': '', 'materialGroup': '', 'grossWeight': 2.3, 'transportationGroup': 3, 'netWeight': 3, 'crossPlantStatusCode': 12, 'division': 1, 'waferConductivityType': 'sdf', 'waferSpecialIdCode': '12344s', 'waferSequenceCode': 'aas2', 'supplierCode': '23gg'}, 'classificationData': {'characteristicName': '', 'characteristicValue': 'a', 'class': '', 'classType': 4}, 'hierarchyLinkData': {'forecastClass': '', 'forecastDevice': '', 'forecastPackage': ''}, 'materialLongText': {'lineNumber': 12345, 'applicationObject': '', 'textName': '', 'textId': 1244}}}",,Success
6676599872016200014,bf47e8b7-f2f7-4639-8c82-c57f676312e2,mmid12,"{'transactionId': '123e4567e89b12d3a456426614174000', 'item': {'basicData': {'materialNumber': '', 'materialType': '', 'materialGroup': '', 'grossWeight': 2.3, 'transportationGroup': 3, 'netWeight': 3, 'crossPlantStatusCode': 12, 'division': 1, 'waferConductivityType': 'sdf', 'waferSpecialIdCode': '12344s', 'waferSequenceCode': 'aas2', 'supplierCode': '23gg'}, 'classificationData': {'characteristicName': '', 'characteristicValue': 'a', 'class': '', 'classType': 4}, 'hierarchyLinkData': {'forecastClass': '', 'forecastDevice': '', 'forecastPackage': ''}, 'materialLongText': {'lineNumber': 12345, 'applicationObject': '', 'textName': '', 'textId': 1244}}}",False,,56952d78-1f51-43dc-abd9-bfeda0e9533e,Failed
6676599872016200015,c8379f6d-ad37-4cc4-9158-7931807e09d8,mmid13,"{'transactionId': '123e4567e89b12d3a456426614174000', 'item': {'basicData': {'materialNumber': '', 'materialType': '', 'materialGroup': '', 'grossWeight': 2.3, 'transportationGroup': 3, 'netWeight': 3, 'crossPlantStatusCode': 12, 'division': 1, 'waferConductivityType': 'sdf', 'waferSpecialIdCode': '12344s', 'waferSequenceCode': 'aas2', 'supplierCode': '23gg'}, 'classificationData': {'characteristicName': '', 'characteristicValue': 'a', 'class': '', 'classType': 4}, 'hierarchyLinkData': {'forecastClass': '', 'forecastDevice': '', 'forecastPackage': ''}, 'materialLongText': {'lineNumber': 12345, 'applicationObject': '', 'textName': '', 'textId': 1244}}}",False,,2c6d82e6-99ad-461a-a34d-7d613ecf7fc8,Failed
6676599872016200016,ad734f9a-7f38-433b-87af-db7884789eee,mmid14,"{'transactionId': '123e4567e89b12d3a456426614174000', 'item': {'basicData': {'materialNumber': '', 'materialType': '', 'materialGroup': '', 'grossWeight': 2.3, 'transportationGroup': 3, 'netWeight': 3, 'crossPlantStatusCode': 12, 'division': 1, 'waferConductivityType': 'sdf', 'waferSpecialIdCode': '12344s', 'waferSequenceCode': 'aas2', 'supplierCode': '23gg'}, 'classificationData': {'characteristicName': '', 'characteristicValue': 'a', 'class': '', 'classType': 4}, 'hierarchyLinkData': {'forecastClass': '', 'forecastDevice': '', 'forecastPackage': ''}, 'materialLongText': {'lineNumber': 12345, 'applicationObject': '', 'textName': '', 'textId': 1244}}}",False,,f67bf73f-1a01-4502-82a4-8dbe703dee44,Failed
6676599872016200017,c6ff77b4-752f-4500-8c64-6134926fface,mmid15,"{'transactionId': '123e4567e89b12d3a456426614174000', 'item': {'basicData': {'materialNumber': '', 'materialType': '', 'materialGroup': '', 'grossWeight': 2.3, 'transportationGroup': 3, 'netWeight': 3, 'crossPlantStatusCode': 12, 'division': 1, 'waferConductivityType': 'sdf', 'waferSpecialIdCode': '12344s', 'waferSequenceCode': 'aas2', 'supplierCode': '23gg'}, 'classificationData': {'characteristicName': '', 'characteristicValue': 'a', 'class': '', 'classType': 4}, 'hierarchyLinkData': {'forecastClass': '', 'forecastDevice': '', 'forecastPackage': ''}, 'materialLongText': {'lineNumber': 12345, 'applicationObject': '', 'textName': '', 'textId': 1244}}}",True,"{'transactionId': '123e4567e89b12d3a456426614174000', 'item': {'basicData': {'materialNumber': '', 'materialType': '', 'materialGroup': '', 'grossWeight': 2.3, 'transportationGroup': 3, 'netWeight': 3, 'crossPlantStatusCode': 12, 'division': 1, 'waferConductivityType': 'sdf', 'waferSpecialIdCode': '12344s', 'waferSequenceCode': 'aas2', 'supplierCode': '23gg'}, 'classificationData': {'characteristicName': '', 'characteristicValue': 'a', 'class': '', 'classType': 4}, 'hierarchyLinkData': {'forecastClass': '', 'forecastDevice': '', 'forecastPackage': ''}, 'materialLongText': {'lineNumber': 12345, 'applicationObject': '', 'textName': '', 'textId': 1244}}}",,Success
6676599872016200018,50633b2f-641a-4a2b-b61a-a80fd9a1b662,mmid16,"{'transactionId': '123e4567e89b12d3a456426614174000', 'item': {'basicData': {'materialNumber': '', 'materialType': '', 'materialGroup': '', 'grossWeight': 2.3, 'transportationGroup': 3, 'netWeight': 3, 'crossPlantStatusCode': 12, 'division': 1, 'waferConductivityType': 'sdf', 'waferSpecialIdCode': '12344s', 'waferSequenceCode': 'aas2', 'supplierCode': '23gg'}, 'classificationData': {'characteristicName': '', 'characteristicValue': 'a', 'class': '', 'classType': 4}, 'hierarchyLinkData': {'forecastClass': '', 'forecastDevice': '', 'forecastPackage': ''}, 'materialLongText': {'lineNumber': 12345, 'applicationObject': '', 'textName': '', 'textId': 1244}}}",False,,b64db508-ab7d-437a-aa22-218bf64fe2cd,Failed
6676599872016200019,c6a5e509-da64-4511-82eb-4bd0aa503e5c,mmid17,"{'transactionId': '123e4567e89b12d3a456426614174000', 'item': {'basicData': {'materialNumber': '', 'materialType': '', 'materialGroup': '', 'grossWeight': 2.3, 'transportationGroup': 3, 'netWeight': 3, 'crossPlantStatusCode': 12, 'division': 1, 'waferConductivityType': 'sdf', 'waferSpecialIdCode': '12344s', 'waferSequenceCode': 'aas2', 'supplierCode': '23gg'}, 'classificationData': {'characteristicName': '', 'characteristicValue': 'a', 'class': '', 'classType': 4}, 'hierarchyLinkData': {'forecastClass': '', 'forecastDevice': '', 'forecastPackage': ''}, 'materialLongText': {'lineNumber': 12345, 'applicationObject': '', 'textName': '', 'textId': 1244}}}",True,"{'transactionId': '123e4567e89b12d3a456426614174000', 'item': {'basicData': {'materialNumber': '', 'materialType': '', 'materialGroup': '', 'grossWeight': 2.3, 'transportationGroup': 3, 'netWeight': 3, 'crossPlantStatusCode': 12, 'division': 1, 'waferConductivityType': 'sdf', 'waferSpecialIdCode': '12344s', 'waferSequenceCode': 'aas2', 'supplierCode': '23gg'}, 'classificationData': {'characteristicName': '', 'characteristicValue': 'a', 'class': '', 'classType': 4}, 'hierarchyLinkData': {'forecastClass': '', 'forecastDevice': '', 'forecastPackage': ''}, 'materialLongText': {'lineNumber': 12345, 'applicationObject': '', 'textName': '', 'textId': 1244}}}",,Success
6676599872016200020,828ad8dd-e179-41f1-b093-7cb2aff12807,mmid18,"{'transactionId': '123e4567e89b12d3a456426614174000', 'item': {'basicData': {'materialNumber': '', 'materialType': '', 'materialGroup': '', 'grossWeight': 2.3, 'transportationGroup': 3, 'netWeight': 3, 'crossPlantStatusCode': 12, 'division': 1, 'waferConductivityType': 'sdf', 'waferSpecialIdCode': '12344s', 'waferSequenceCode': 'aas2', 'supplierCode': '23gg'}, 'classificationData': {'characteristicName': '', 'characteristicValue': 'a', 'class': '', 'classType': 4}, 'hierarchyLinkData': {'forecastClass': '', 'forecastDevice': '', 'forecastPackage': ''}, 'materialLongText': {'lineNumber': 12345, 'applicationObject': '', 'textName': '', 'textId': 1244}}}",False,,5a01b3a5-f222-4bdf-8044-00b7e8fa6fad,Failed
6676599872016200021,2dc4c7c3-ceb4-4ad7-9ca0-19e083acc688,mmid19,"{'transactionId': '123e4567e89b12d3a456426614174000', 'item': {'basicData': {'materialNumber': '', 'materialType': '', 'materialGroup': '', 'grossWeight': 2.3, 'transportationGroup': 3, 'netWeight': 3, 'crossPlantStatusCode': 12, 'division': 1, 'waferConductivityType': 'sdf', 'waferSpecialIdCode': '12344s', 'waferSequenceCode': 'aas2', 'supplierCode': '23gg'}, 'classificationData': {'characteristicName': '', 'characteristicValue': 'a', 'class': '', 'classType': 4}, 'hierarchyLinkData': {'forecastClass': '', 'forecastDevice': '', 'forecastPackage': ''}, 'materialLongText': {'lineNumber': 12345, 'applicationObject': '', 'textName': '', 'textId': 1244}}}",True,"{'transactionId': '123e4567e89b12d3a456426614174000', 'item': {'basicData': {'materialNumber': '', 'materialType': '', 'materialGroup': '', 'grossWeight': 2.3, 'transportationGroup': 3, 'netWeight': 3, 'crossPlantStatusCode': 12, 'division': 1, 'waferConductivityType': 'sdf', 'waferSpecialIdCode': '12344s', 'waferSequenceCode': 'aas2', 'supplierCode': '23gg'}, 'classificationData': {'characteristicName': '', 'characteristicValue': 'a', 'class': '', 'classType': 4}, 'hierarchyLinkData': {'forecastClass': '', 'forecastDevice': '', 'forecastPackage': ''}, 'materialLongText': {'lineNumber': 12345, 'applicationObject': '', 'textName': '', 'textId': 1244}}}",,Success
6676599872016200022,14d1b704-4747-4d51-a1e8-f33bace90bdb,mmid20,"{'transactionId': '123e4567e89b12d3a456426614174000', 'item': {'basicData': {'materialNumber': '', 'materialType': '', 'materialGroup': '', 'grossWeight': 2.3, 'transportationGroup': 3, 'netWeight': 3, 'crossPlantStatusCode': 12, 'division': 1, 'waferConductivityType': 'sdf', 'waferSpecialIdCode': '12344s', 'waferSequenceCode': 'aas2', 'supplierCode': '23gg'}, 'classificationData': {'characteristicName': '', 'characteristicValue': 'a', 'class': '', 'classType': 4}, 'hierarchyLinkData': {'forecastClass': '', 'forecastDevice': '', 'forecastPackage': ''}, 'materialLongText': {'lineNumber': 12345, 'applicationObject': '', 'textName': '', 'textId': 1244}}}",False,,b284ac84-4b76-4e1a-a3d7-a1ac4ab754a8,Failed
667659987201620001,c0287eb4-c7d6-4e20-9330-0374fa8ec47f,mmid1,"{'transactionId': '123e4567e89b12d3a456426614174000', 'item': {'basicData': {'materialNumber': '', 'materialType': '', 'materialGroup': '', 'grossWeight': 2.3, 'transportationGroup': 3, 'netWeight': 3, 'crossPlantStatusCode': 12, 'division': 1, 'waferConductivityType': 'sdf', 'waferSpecialIdCode': '12344s', 'waferSequenceCode': 'aas2', 'supplierCode': '23gg'}, 'classificationData': {'characteristicName': '', 'characteristicValue': 'a', 'class': '', 'classType': 4}, 'hierarchyLinkData': {'forecastClass': '', 'forecastDevice': '', 'forecastPackage': ''}, 'materialLongText': {'lineNumber': 12345, 'applicationObject': '', 'textName': '', 'textId': 1244}}}",True,"{'success': 'true', 'code': '201 - SUCCESS', 'data': {'transactionId': '123e4567e89b12d3a456426614174000', 'item': {'basicData': {'materialType': 'HALB', 'materialNumber': 'NNNN-NNNN', 'alternateNumber': 'H90226-001'}}}}",,Success
667659987201620002,828ad8dd-e179-41f1-b093-7cb2aff12807,mmid2,"{'transactionId': '123e4567e89b12d3a456426614174000', 'item': {'basicData': {'materialNumber': '', 'materialType': '', 'materialGroup': '', 'grossWeight': 2.3, 'transportationGroup': 3, 'netWeight': 3, 'crossPlantStatusCode': 12, 'division': 1, 'waferConductivityType': 'sdf', 'waferSpecialIdCode': '12344s', 'waferSequenceCode': 'aas2', 'supplierCode': '23gg'}, 'classificationData': {'characteristicName': '', 'characteristicValue': 'a', 'class': '', 'classType': 4}, 'hierarchyLinkData': {'forecastClass': '', 'forecastDevice': '', 'forecastPackage': ''}, 'materialLongText': {'lineNumber': 12345, 'applicationObject': '', 'textName': '', 'textId': 1244}}}",True,"{'success': 'true', 'code': '201 - SUCCESS', 'data': {'transactionId': '123e4567e89b12d3a456426614174000', 'item': {'basicData': {'materialType': 'HALB', 'materialNumber': 'NNNN-NNNN', 'alternateNumber': 'H90226-001'}}}}",,Success
667659987201620003,14d1b704-4747-4d51-a1e8-f33bace90bdb,mmid3,"{'transactionId': '123e4567e89b12d3a456426614174000', 'item': {'basicData': {'materialNumber': '', 'materialType': '', 'materialGroup': '', 'grossWeight': 2.3, 'transportationGroup': 3, 'netWeight': 3, 'crossPlantStatusCode': 12, 'division': 1, 'waferConductivityType': 'sdf', 'waferSpecialIdCode': '12344s', 'waferSequenceCode': 'aas2', 'supplierCode': '23gg'}, 'classificationData': {'characteristicName': '', 'characteristicValue': 'a', 'class': '', 'classType': 4}, 'hierarchyLinkData': {'forecastClass': '', 'forecastDevice': '', 'forecastPackage': ''}, 'materialLongText': {'lineNumber': 12345, 'applicationObject': '', 'textName': '', 'textId': 1244}}}",False,,2c6d82e6-99ad-461a-a34d-7d613ecf7fc8,Failed
667659987201620005,7d2b95cd-a409-4be9-9544-df7cc0ab12a8,mmid4,"{'transactionId': '123e4567e89b12d3a456426614174000', 'item': {'basicData': {'materialNumber': '', 'materialType': '', 'materialGroup': '', 'grossWeight': 2.3, 'transportationGroup': 3, 'netWeight': 3, 'crossPlantStatusCode': 12, 'division': 1, 'waferConductivityType': 'sdf', 'waferSpecialIdCode': '12344s', 'waferSequenceCode': 'aas2', 'supplierCode': '23gg'}, 'classificationData': {'characteristicName': '', 'characteristicValue': 'a', 'class': '', 'classType': 4}, 'hierarchyLinkData': {'forecastClass': '', 'forecastDevice': '', 'forecastPackage': ''}, 'materialLongText': {'lineNumber': 12345, 'applicationObject': '', 'textName': '', 'textId': 1244}}}",False,,1705720d-be42-45c5-9283-3d20e646392d,Failed
667659987201620006,c6a5e509-da64-4511-82eb-4bd0aa503e5c,mmid5,"{'transactionId': '123e4567e89b12d3a456426614174000', 'item': {'basicData': {'materialNumber': '', 'materialType': '', 'materialGroup': '', 'grossWeight': 2.3, 'transportationGroup': 3, 'netWeight': 3, 'crossPlantStatusCode': 12, 'division': 1, 'waferConductivityType': 'sdf', 'waferSpecialIdCode': '12344s', 'waferSequenceCode': 'aas2', 'supplierCode': '23gg'}, 'classificationData': {'characteristicName': '', 'characteristicValue': 'a', 'class': '', 'classType': 4}, 'hierarchyLinkData': {'forecastClass': '', 'forecastDevice': '', 'forecastPackage': ''}, 'materialLongText': {'lineNumber': 12345, 'applicationObject': '', 'textName': '', 'textId': 1244}}}",True,"{'success': 'true', 'code': '201 - SUCCESS', 'data': {'transactionId': '123e4567e89b12d3a456426614174000', 'item': {'basicData': {'materialType': 'HALB', 'materialNumber': 'NNNN-NNNN', 'alternateNumber': 'H90226-001'}}}}",,Success
667659987201620007,54d37f62-faf8-4f45-acfb-8ef4b11eaa15,mmid6,"{'transactionId': '123e4567e89b12d3a456426614174000', 'item': {'basicData': {'materialNumber': '', 'materialType': '', 'materialGroup': '', 'grossWeight': 2.3, 'transportationGroup': 3, 'netWeight': 3, 'crossPlantStatusCode': 12, 'division': 1, 'waferConductivityType': 'sdf', 'waferSpecialIdCode': '12344s', 'waferSequenceCode': 'aas2', 'supplierCode': '23gg'}, 'classificationData': {'characteristicName': '', 'characteristicValue': 'a', 'class': '', 'classType': 4}, 'hierarchyLinkData': {'forecastClass': '', 'forecastDevice': '', 'forecastPackage': ''}, 'materialLongText': {'lineNumber': 12345, 'applicationObject': '', 'textName': '', 'textId': 1244}}}",False,,48f4dcad-65a5-4c9c-8261-dbda367f6baa,Failed
667659987201620008,70082d29-dab0-4d80-8e63-2e08cedb0ea1,mmid7,"{'transactionId': '123e4567e89b12d3a456426614174000', 'item': {'basicData': {'materialNumber': '', 'materialType': '', 'materialGroup': '', 'grossWeight': 2.3, 'transportationGroup': 3, 'netWeight': 3, 'crossPlantStatusCode': 12, 'division': 1, 'waferConductivityType': 'sdf', 'waferSpecialIdCode': '12344s', 'waferSequenceCode': 'aas2', 'supplierCode': '23gg'}, 'classificationData': {'characteristicName': '', 'characteristicValue': 'a', 'class': '', 'classType': 4}, 'hierarchyLinkData': {'forecastClass': '', 'forecastDevice': '', 'forecastPackage': ''}, 'materialLongText': {'lineNumber': 12345, 'applicationObject': '', 'textName': '', 'textId': 1244}}}",False,,7acc94dd-5011-451e-8a66-021bfb4fa565,Failed
667659987201620009,c6ff77b4-752f-4500-8c64-6134926fface,mmid8,"{'transactionId': '123e4567e89b12d3a456426614174000', 'item': {'basicData': {'materialNumber': '', 'materialType': '', 'materialGroup': '', 'grossWeight': 2.3, 'transportationGroup': 3, 'netWeight': 3, 'crossPlantStatusCode': 12, 'division': 1, 'waferConductivityType': 'sdf', 'waferSpecialIdCode': '12344s', 'waferSequenceCode': 'aas2', 'supplierCode': '23gg'}, 'classificationData': {'characteristicName': '', 'characteristicValue': 'a', 'class': '', 'classType': 4}, 'hierarchyLinkData': {'forecastClass': '', 'forecastDevice': '', 'forecastPackage': ''}, 'materialLongText': {'lineNumber': 12345, 'applicationObject': '', 'textName': '', 'textId': 1244}}}",False,,3cd4c3af-8716-478a-af8f-a63196b643e5,Failed
6676599872016200010,70082d29-dab0-4d80-8e63-2e08cedb0ea1,mmid9,"{'transactionId': '123e4567e89b12d3a456426614174000', 'item': {'basicData': {'materialNumber': '', 'materialType': '', 'materialGroup': '', 'grossWeight': 2.3, 'transportationGroup': 3, 'netWeight': 3, 'crossPlantStatusCode': 12, 'division': 1, 'waferConductivityType': 'sdf', 'waferSpecialIdCode': '12344s', 'waferSequenceCode': 'aas2', 'supplierCode': '23gg'}, 'classificationData': {'characteristicName': '', 'characteristicValue': 'a', 'class': '', 'classType': 4}, 'hierarchyLinkData': {'forecastClass': '', 'forecastDevice': '', 'forecastPackage': ''}, 'materialLongText': {'lineNumber': 12345, 'applicationObject': '', 'textName': '', 'textId': 1244}}}",False,,e4553644-9b1f-4966-b8cc-c937bf79b6b6,Failed
6676599872016200012,50633b2f-641a-4a2b-b61a-a80fd9a1b662,mmid10,"{'transactionId': '123e4567e89b12d3a456426614174000', 'item': {'basicData': {'materialNumber': '', 'materialType': '', 'materialGroup': '', 'grossWeight': 2.3, 'transportationGroup': 3, 'netWeight': 3, 'crossPlantStatusCode': 12, 'division': 1, 'waferConductivityType': 'sdf', 'waferSpecialIdCode': '12344s', 'waferSequenceCode': 'aas2', 'supplierCode': '23gg'}, 'classificationData': {'characteristicName': '', 'characteristicValue': 'a', 'class': '', 'classType': 4}, 'hierarchyLinkData': {'forecastClass': '', 'forecastDevice': '', 'forecastPackage': ''}, 'materialLongText': {'lineNumber': 12345, 'applicationObject': '', 'textName': '', 'textId': 1244}}}",False,,afa8a9d2-a6a3-4eb0-a515-bfbfbb6ee7b0,Failed
6676599872016200013,be4704ac-050d-4202-96d5-c5cf0a80eb24,mmid11,"{'transactionId': '123e4567e89b12d3a456426614174000', 'item': {'basicData': {'materialNumber': '', 'materialType': '', 'materialGroup': '', 'grossWeight': 2.3, 'transportationGroup': 3, 'netWeight': 3, 'crossPlantStatusCode': 12, 'division': 1, 'waferConductivityType': 'sdf', 'waferSpecialIdCode': '12344s', 'waferSequenceCode': 'aas2', 'supplierCode': '23gg'}, 'classificationData': {'characteristicName': '', 'characteristicValue': 'a', 'class': '', 'classType': 4}, 'hierarchyLinkData': {'forecastClass': '', 'forecastDevice': '', 'forecastPackage': ''}, 'materialLongText': {'lineNumber': 12345, 'applicationObject': '', 'textName': '', 'textId': 1244}}}",True,"{'success': 'true', 'code': '201 - SUCCESS', 'data': {'transactionId': '123e4567e89b12d3a456426614174000', 'item': {'basicData': {'materialType': 'HALB', 'materialNumber': 'NNNN-NNNN', 'alternateNumber': 'H90226-001'}}}}",,Success
6676599872016200014,828ad8dd-e179-41f1-b093-7cb2aff12807,mmid12,"{'transactionId': '123e4567e89b12d3a456426614174000', 'item': {'basicData': {'materialNumber': '', 'materialType': '', 'materialGroup': '', 'grossWeight': 2.3, 'transportationGroup': 3, 'netWeight': 3, 'crossPlantStatusCode': 12, 'division': 1, 'waferConductivityType': 'sdf', 'waferSpecialIdCode': '12344s', 'waferSequenceCode': 'aas2', 'supplierCode': '23gg'}, 'classificationData': {'characteristicName': '', 'characteristicValue': 'a', 'class': '', 'classType': 4}, 'hierarchyLinkData': {'forecastClass': '', 'forecastDevice': '', 'forecastPackage': ''}, 'materialLongText': {'lineNumber': 12345, 'applicationObject': '', 'textName': '', 'textId': 1244}}}",True,"{'success': 'true', 'code': '201 - SUCCESS', 'data': {'transactionId': '123e4567e89b12d3a456426614174000', 'item': {'basicData': {'materialType': 'HALB', 'materialNumber': 'NNNN-NNNN', 'alternateNumber': 'H90226-001'}}}}",,Success
6676599872016200015,5a3deaa1-910a-4390-98d0-338cb27a9189,mmid13,"{'transactionId': '123e4567e89b12d3a456426614174000', 'item': {'basicData': {'materialNumber': '', 'materialType': '', 'materialGroup': '', 'grossWeight': 2.3, 'transportationGroup': 3, 'netWeight': 3, 'crossPlantStatusCode': 12, 'division': 1, 'waferConductivityType': 'sdf', 'waferSpecialIdCode': '12344s', 'waferSequenceCode': 'aas2', 'supplierCode': '23gg'}, 'classificationData': {'characteristicName': '', 'characteristicValue': 'a', 'class': '', 'classType': 4}, 'hierarchyLinkData': {'forecastClass': '', 'forecastDevice': '', 'forecastPackage': ''}, 'materialLongText': {'lineNumber': 12345, 'applicationObject': '', 'textName': '', 'textId': 1244}}}",False,,9f264b69-92ab-49d7-9e7e-c8137f71dce6,Failed
6676599872016200016,54d37f62-faf8-4f45-acfb-8ef4b11eaa15,mmid14,"{'transactionId': '123e4567e89b12d3a456426614174000', 'item': {'basicData': {'materialNumber': '', 'materialType': '', 'materialGroup': '', 'grossWeight': 2.3, 'transportationGroup': 3, 'netWeight': 3, 'crossPlantStatusCode': 12, 'division': 1, 'waferConductivityType': 'sdf', 'waferSpecialIdCode': '12344s', 'waferSequenceCode': 'aas2', 'supplierCode': '23gg'}, 'classificationData': {'characteristicName': '', 'characteristicValue': 'a', 'class': '', 'classType': 4}, 'hierarchyLinkData': {'forecastClass': '', 'forecastDevice': '', 'forecastPackage': ''}, 'materialLongText': {'lineNumber': 12345, 'applicationObject': '', 'textName': '', 'textId': 1244}}}",True,"{'success': 'true', 'code': '201 - SUCCESS', 'data': {'transactionId': '123e4567e89b12d3a456426614174000', 'item': {'basicData': {'materialType': 'HALB', 'materialNumber': 'NNNN-NNNN', 'alternateNumber': 'H90226-001'}}}}",,Success
6676599872016200017,b893ab24-139f-4f36-9a9c-e47eaa6a5183,mmid15,"{'transactionId': '123e4567e89b12d3a456426614174000', 'item': {'basicData': {'materialNumber': '', 'materialType': '', 'materialGroup': '', 'grossWeight': 2.3, 'transportationGroup': 3, 'netWeight': 3, 'crossPlantStatusCode': 12, 'division': 1, 'waferConductivityType': 'sdf', 'waferSpecialIdCode': '12344s', 'waferSequenceCode': 'aas2', 'supplierCode': '23gg'}, 'classificationData': {'characteristicName': '', 'characteristicValue': 'a', 'class': '', 'classType': 4}, 'hierarchyLinkData': {'forecastClass': '', 'forecastDevice': '', 'forecastPackage': ''}, 'materialLongText': {'lineNumber': 12345, 'applicationObject': '', 'textName': '', 'textId': 1244}}}",False,,2c6d82e6-99ad-461a-a34d-7d613ecf7fc8,Failed
6676599872016200018,2dc4c7c3-ceb4-4ad7-9ca0-19e083acc688,mmid16,"{'transactionId': '123e4567e89b12d3a456426614174000', 'item': {'basicData': {'materialNumber': '', 'materialType': '', 'materialGroup': '', 'grossWeight': 2.3, 'transportationGroup': 3, 'netWeight': 3, 'crossPlantStatusCode': 12, 'division': 1, 'waferConductivityType': 'sdf', 'waferSpecialIdCode': '12344s', 'waferSequenceCode': 'aas2', 'supplierCode': '23gg'}, 'classificationData': {'characteristicName': '', 'characteristicValue': 'a', 'class': '', 'classType': 4}, 'hierarchyLinkData': {'forecastClass': '', 'forecastDevice': '', 'forecastPackage': ''}, 'materialLongText': {'lineNumber': 12345, 'applicationObject': '', 'textName': '', 'textId': 1244}}}",True,"{'success': 'true', 'code': '201 - SUCCESS', 'data': {'transactionId': '123e4567e89b12d3a456426614174000', 'item': {'basicData': {'materialType': 'HALB', 'materialNumber': 'NNNN-NNNN', 'alternateNumber': 'H90226-001'}}}}",,Success
6676599872016200019,ad734f9a-7f38-433b-87af-db7884789eee,mmid17,"{'transactionId': '123e4567e89b12d3a456426614174000', 'item': {'basicData': {'materialNumber': '', 'materialType': '', 'materialGroup': '', 'grossWeight': 2.3, 'transportationGroup': 3, 'netWeight': 3, 'crossPlantStatusCode': 12, 'division': 1, 'waferConductivityType': 'sdf', 'waferSpecialIdCode': '12344s', 'waferSequenceCode': 'aas2', 'supplierCode': '23gg'}, 'classificationData': {'characteristicName': '', 'characteristicValue': 'a', 'class': '', 'classType': 4}, 'hierarchyLinkData': {'forecastClass': '', 'forecastDevice': '', 'forecastPackage': ''}, 'materialLongText': {'lineNumber': 12345, 'applicationObject': '', 'textName': '', 'textId': 1244}}}",False,,5365cb5b-8702-424a-bf57-b9b0dee79a9d,Failed
6676599872016200020,70082d29-dab0-4d80-8e63-2e08cedb0ea1,mmid18,"{'transactionId': '123e4567e89b12d3a456426614174000', 'item': {'basicData': {'materialNumber': '', 'materialType': '', 'materialGroup': '', 'grossWeight': 2.3, 'transportationGroup': 3, 'netWeight': 3, 'crossPlantStatusCode': 12, 'division': 1, 'waferConductivityType': 'sdf', 'waferSpecialIdCode': '12344s', 'waferSequenceCode': 'aas2', 'supplierCode': '23gg'}, 'classificationData': {'characteristicName': '', 'characteristicValue': 'a', 'class': '', 'classType': 4}, 'hierarchyLinkData': {'forecastClass': '', 'forecastDevice': '', 'forecastPackage': ''}, 'materialLongText': {'lineNumber': 12345, 'applicationObject': '', 'textName': '', 'textId': 1244}}}",True,"{'success': 'true', 'code': '201 - SUCCESS', 'data': {'transactionId': '123e4567e89b12d3a456426614174000', 'item': {'basicData': {'materialType': 'HALB', 'materialNumber': 'NNNN-NNNN', 'alternateNumber': 'H90226-001'}}}}",,Success
6676599872016200021,c0287eb4-c7d6-4e20-9330-0374fa8ec47f,mmid19,"{'transactionId': '123e4567e89b12d3a456426614174000', 'item': {'basicData': {'materialNumber': '', 'materialType': '', 'materialGroup': '', 'grossWeight': 2.3, 'transportationGroup': 3, 'netWeight': 3, 'crossPlantStatusCode': 12, 'division': 1, 'waferConductivityType': 'sdf', 'waferSpecialIdCode': '12344s', 'waferSequenceCode': 'aas2', 'supplierCode': '23gg'}, 'classificationData': {'characteristicName': '', 'characteristicValue': 'a', 'class': '', 'classType': 4}, 'hierarchyLinkData': {'forecastClass': '', 'forecastDevice': '', 'forecastPackage': ''}, 'materialLongText': {'lineNumber': 12345, 'applicationObject': '', 'textName': '', 'textId': 1244}}}",True,"{'success': 'true', 'code': '201 - SUCCESS', 'data': {'transactionId': '123e4567e89b12d3a456426614174000', 'item': {'basicData': {'materialType': 'HALB', 'materialNumber': 'NNNN-NNNN', 'alternateNumber': 'H90226-001'}}}}",,Success
6676599872016200022,a7cf1109-a1b5-4e84-9aa6-c4996a076310,mmid20,"{'transactionId': '123e4567e89b12d3a456426614174000', 'item': {'basicData': {'materialNumber': '', 'materialType': '', 'materialGroup': '', 'grossWeight': 2.3, 'transportationGroup': 3, 'netWeight': 3, 'crossPlantStatusCode': 12, 'division': 1, 'waferConductivityType': 'sdf', 'waferSpecialIdCode': '12344s', 'waferSequenceCode': 'aas2', 'supplierCode': '23gg'}, 'classificationData': {'characteristicName': '', 'characteristicValue': 'a', 'class': '', 'classType': 4}, 'hierarchyLinkData': {'forecastClass': '', 'forecastDevice': '', 'forecastPackage': ''}, 'materialLongText': {'lineNumber': 12345, 'applicationObject': '', 'textName': '', 'textId': 1244}}}",False,,a672e89a-5421-404b-aa77-07534f2a71f9,Failed
